timestamp,source,confidence,plate_text,plate_image
2026-09-22 21:22:41,video:20260922_212237_videoplayback.mp4,0.5979,,plate_20260922_212238_363766_0.jpg
2026-09-22 21:22:52,video:20260922_212237_videoplayback.mp4,0.4685,,plate_20260922_212250_182802_0.jpg
2026-09-22 21:23:03,video:20260922_212237_videoplayback.mp4,0.3076,,plate_20260922_212300_974814_0.jpg
2026-09-22 21:23:14,video:20260922_212237_videoplayback.mp4,0.5641,,plate_20260922_212312_119597_0.jpg
2026-09-22 21:23:15,video:20260922_212237_videoplayback.mp4,0.2962,,plate_20260922_212314_344316_1.jpg
2026-09-22 21:23:24,video:20260922_212237_videoplayback.mp4,0.5326,,plate_20260922_212323_193993_0.jpg
2026-09-22 21:23:25,video:20260922_212237_videoplayback.mp4,0.3610,,plate_20260922_212324_255235_1.jpg
2026-09-22 21:23:35,video:20260922_212237_videoplayback.mp4,0.3233,,plate_20260922_212334_150971_0.jpg
2026-09-22 21:23:37,video:20260922_212237_videoplayback.mp4,0.2759,,plate_20260922_212335_457844_1.jpg
2026-09-22 21:23:40,video:20260922_212237_videoplayback.mp4,0.2520,,plate_20260922_212337_555567_2.jpg
2026-09-22 21:23:49,video:20260922_212237_videoplayback.mp4,0.5746,,plate_20260922_212346_495185_0.jpg
2026-09-22 21:23:57,video:20260922_212353_video.mp4,0.7287,294 693 92,plate_20260922_212354_614156_0.jpg
2026-09-22 21:24:00,video:20260922_212353_video.mp4,0.7152,"B0E 210,12",plate_20260922_212357_462627_1.jpg
2026-09-22 21:24:02,video:20260922_212353_video.mp4,0.7044,"30E 360,25",plate_20260922_212400_323940_2.jpg
2026-09-22 21:24:07,video:20260922_212353_video.mp4,0.6981,30E 639281,plate_20260922_212402_925877_3.jpg
2026-09-22 21:24:11,video:20260922_212404_video.mp4,0.7287,294 693 92,plate_20260922_212406_916737_0.jpg
2026-09-22 21:24:12,video:20260922_212353_video.mp4,0.6169,SUE 68756,plate_20260922_212407_421242_4.jpg
2026-09-22 21:24:16,video:20260922_212353_video.mp4,0.5131,902I9,plate_20260922_212412_115547_5.jpg
2026-09-22 21:24:17,video:20260922_212404_video.mp4,0.7152,"B0E 210,12",plate_20260922_212411_792794_1.jpg
2026-09-22 21:24:21,video:20260922_212353_video.mp4,0.3808,,plate_20260922_212416_767416_6.jpg
2026-09-22 21:24:21,video:20260922_212404_video.mp4,0.7044,"30E 360,25",plate_20260922_212417_359020_2.jpg
2026-09-22 21:24:24,video:20260922_212404_video.mp4,0.6981,30E 639281,plate_20260922_212421_908232_3.jpg
2026-09-22 21:24:27,video:20260922_212404_video.mp4,0.6169,SUE 68756,plate_20260922_212424_750622_4.jpg
2026-09-22 21:24:30,video:20260922_212404_video.mp4,0.5131,902I9,plate_20260922_212427_351266_5.jpg
2026-09-22 21:24:33,video:20260922_212404_video.mp4,0.3808,,plate_20260922_212430_172201_6.jpg
2026-09-22 21:24:36,video:20260922_212404_video.mp4,0.7287,294 693 92,plate_20260922_212433_782950_0.jpg
2026-09-22 21:24:40,video:20260922_212404_video.mp4,0.7152,"B0E 210,12",plate_20260922_212436_616224_1.jpg
2026-09-22 21:24:45,video:20260922_212404_video.mp4,0.7044,"30E 360,25",plate_20260922_212440_383101_2.jpg
2026-09-22 21:24:45,video:20260922_212438_video.mp4,0.7287,294 693 92,plate_20260922_212440_366490_0.jpg
2026-09-22 21:24:51,video:20260922_212404_video.mp4,0.6981,30E 639281,plate_20260922_212445_294928_3.jpg
2026-09-22 21:24:51,video:20260922_212438_video.mp4,0.7152,"B0E 210,12",plate_20260922_212445_447730_1.jpg
2026-09-22 21:24:56,video:20260922_212404_video.mp4,0.6169,SUE 68756,plate_20260922_212451_207802_4.jpg
2026-09-22 21:24:57,video:20260922_212438_video.mp4,0.7044,"30E 360,25",plate_20260922_212451_995671_2.jpg
2026-09-22 21:25:02,video:20260922_212404_video.mp4,0.5131,902I9,plate_20260922_212456_867076_5.jpg
2026-09-22 21:25:03,video:20260922_212438_video.mp4,0.6981,30E 639281,plate_20260922_212457_359633_3.jpg
2026-09-22 21:25:06,video:20260922_212404_video.mp4,0.3808,,plate_20260922_212502_336563_6.jpg
2026-09-22 21:25:07,video:20260922_212438_video.mp4,0.6169,SUE 68756,plate_20260922_212503_932309_4.jpg
2026-09-22 21:25:10,video:20260922_212438_video.mp4,0.5131,902I9,plate_20260922_212507_817778_5.jpg
2026-09-22 21:25:13,video:20260922_212438_video.mp4,0.3808,,plate_20260922_212510_773559_6.jpg
2026-09-22 21:25:26,video:20260922_212438_video.mp4,0.7201,30E 36025,plate_20260922_212523_894249_0.jpg
2026-09-22 21:25:29,video:20260922_212438_video.mp4,0.7169,"294 693,92",plate_20260922_212526_529262_1.jpg
2026-09-22 21:25:32,video:20260922_212438_video.mp4,0.7134,Noe 21012,plate_20260922_212529_498443_2.jpg
2026-09-22 21:25:35,video:20260922_212438_video.mp4,0.6686,30E 63928,plate_20260922_212532_602286_3.jpg
2026-09-22 21:25:38,video:20260922_212438_video.mp4,0.6017,Uc 68756,plate_20260922_212535_947919_4.jpg
2026-09-22 21:25:41,video:20260922_212438_video.mp4,0.5012,Uyr C1l9,plate_20260922_212538_565857_5.jpg
2026-09-22 21:25:44,video:20260922_212438_video.mp4,0.3232,,plate_20260922_212541_532758_6.jpg
2026-09-22 21:26:01,video:20260922_212438_video.mp4,0.6975,30E 36025,plate_20260922_212558_709459_0.jpg
2026-09-22 21:26:04,video:20260922_212438_video.mp4,0.6957,Sue 21017},plate_20260922_212601_390032_1.jpg
2026-09-22 21:26:07,video:20260922_212438_video.mp4,0.6860,291 697,plate_20260922_212604_248708_2.jpg
2026-09-22 21:26:09,video:20260922_212438_video.mp4,0.6120,Suc 687756,plate_20260922_212607_092383_3.jpg
2026-09-22 21:26:12,video:20260922_212438_video.mp4,0.5825,30E 7928,plate_20260922_212609_898408_4.jpg
2026-09-22 21:26:14,video:20260922_212438_video.mp4,0.5470,CUle,plate_20260922_212612_282336_5.jpg
2026-09-22 21:26:18,video:20260922_212438_video.mp4,0.5258,78,plate_20260922_212614_944649_6.jpg
2026-09-22 21:26:20,video:20260922_212438_video.mp4,0.3543,,plate_20260922_212618_027656_7.jpg
2026-09-22 21:26:23,video:20260922_212438_video.mp4,0.3076,,plate_20260922_212620_550972_8.jpg
2026-09-22 21:26:32,video:20260922_212438_video.mp4,0.6944,Sue 211017,plate_20260922_212631_901567_0.jpg
2026-09-22 21:26:33,video:20260922_212438_video.mp4,0.6423,302 36025,plate_20260922_212632_603268_1.jpg
2026-09-22 21:26:33,video:20260922_212438_video.mp4,0.5880,,plate_20260922_212633_230290_2.jpg
2026-09-22 21:26:34,video:20260922_212438_video.mp4,0.5674,o4l9,plate_20260922_212633_781754_3.jpg
2026-09-22 21:26:34,video:20260922_212438_video.mp4,0.3199,,plate_20260922_212634_281802_4.jpg
2026-09-22 21:26:35,video:20260922_212438_video.mp4,0.3047,,plate_20260922_212634_860899_5.jpg
2026-09-22 21:26:36,video:20260922_212438_video.mp4,0.2977,,plate_20260922_212635_528945_6.jpg
2026-09-22 21:26:36,video:20260922_212438_video.mp4,0.2871,{789,plate_20260922_212636_085685_7.jpg
2026-09-22 21:26:39,video:20260922_212438_video.mp4,0.6920,2idh,plate_20260922_212639_187161_0.jpg
2026-09-22 21:26:40,video:20260922_212438_video.mp4,0.6755,3oe 36025,plate_20260922_212639_814394_1.jpg
2026-09-22 21:26:40,video:20260922_212438_video.mp4,0.6014,687,plate_20260922_212640_398473_2.jpg
2026-09-22 21:26:41,video:20260922_212438_video.mp4,0.5693,MJile c4ld,plate_20260922_212640_937237_3.jpg
2026-09-22 21:26:42,video:20260922_212438_video.mp4,0.2826,MD,plate_20260922_212641_527794_4.jpg
2026-09-22 21:26:45,video:20260922_212438_video.mp4,0.6831,Zibia,plate_20260922_212644_577596_0.jpg
2026-09-22 21:26:45,video:20260922_212438_video.mp4,0.6241,30e 36025,plate_20260922_212645_275195_1.jpg
2026-09-22 21:26:46,video:20260922_212438_video.mp4,0.5684,Bl e4J,plate_20260922_212645_848308_2.jpg
2026-09-22 21:26:47,video:20260922_212438_video.mp4,0.5486,SUc 687 56,plate_20260922_212646_522486_3.jpg
2026-09-22 21:26:47,video:20260922_212438_video.mp4,0.4102,VUAE 128,plate_20260922_212647_150897_4.jpg
2026-09-22 21:26:48,video:20260922_212438_video.mp4,0.3620,,plate_20260922_212647_844971_5.jpg
2026-09-22 21:27:02,video:20260922_212438_video.mp4,0.6630,ziol,plate_20260922_212658_964797_0.jpg
2026-09-22 21:27:05,video:20260922_212438_video.mp4,0.5703,67756,plate_20260922_212702_534924_1.jpg
2026-09-22 21:27:09,video:20260922_212438_video.mp4,0.5601,Qlu Q0L1s,plate_20260922_212705_767558_2.jpg
2026-09-22 21:27:11,video:20260922_212438_video.mp4,0.3992,,plate_20260922_212709_177770_3.jpg
2026-09-22 21:27:15,video:20260922_212438_video.mp4,0.2998,,plate_20260922_212711_616435_4.jpg
2026-09-22 21:27:18,video:20260922_212438_video.mp4,0.2780,Jua 7028],plate_20260922_212715_577910_5.jpg
2026-09-22 21:27:35,video:20260922_212438_video.mp4,0.6802,2ioiz],plate_20260922_212732_236281_0.jpg
2026-09-22 21:27:37,video:20260922_212438_video.mp4,0.6085,687,plate_20260922_212735_057556_1.jpg
2026-09-22 21:27:40,video:20260922_212438_video.mp4,0.5930,Ya cun,plate_20260922_212737_884589_2.jpg
2026-09-22 21:27:43,video:20260922_212438_video.mp4,0.4324,30a 608,plate_20260922_212740_537184_3.jpg
2026-09-22 21:27:49,video:20260922_212438_video.mp4,0.6673,[5A2789,plate_20260922_212749_411760_0.jpg
2026-09-22 21:27:50,video:20260922_212438_video.mp4,0.5693,eigh,plate_20260922_212749_851108_1.jpg
2026-09-22 21:27:51,video:20260922_212438_video.mp4,0.5360,FjIt Cotq,plate_20260922_212750_454294_2.jpg
2026-09-22 21:27:52,video:20260922_212438_video.mp4,0.5324,294,plate_20260922_212751_158779_3.jpg
2026-09-22 21:27:55,video:20260922_212438_video.mp4,0.4874,,plate_20260922_212752_859973_4.jpg
2026-09-22 21:27:58,video:20260922_212438_video.mp4,0.2663,3Ua 18028,plate_20260922_212755_438649_5.jpg
2026-09-22 21:28:14,video:20260922_212438_video.mp4,0.6971,60198,plate_20260922_212810_794524_0.jpg
2026-09-22 21:28:16,video:20260922_212438_video.mp4,0.6424,"5290,58458",plate_20260922_212814_471550_1.jpg
2026-09-22 21:28:19,video:20260922_212438_video.mp4,0.6208,291 620,plate_20260922_212816_251422_2.jpg
2026-09-22 21:28:22,video:20260922_212438_video.mp4,0.5864,0,plate_20260922_212819_809920_3.jpg
2026-09-22 21:28:24,video:20260922_212438_video.mp4,0.5817,68,plate_20260922_212822_220244_4.jpg
2026-09-22 21:28:27,video:20260922_212438_video.mp4,0.5265,do53|,plate_20260922_212824_856114_5.jpg
2026-09-22 21:28:29,video:20260922_212438_video.mp4,0.5111,[Bk809,plate_20260922_212827_247580_6.jpg
2026-09-22 21:28:31,video:20260922_212438_video.mp4,0.5004,,plate_20260922_212829_040812_7.jpg
2026-09-22 21:28:33,video:20260922_212438_video.mp4,0.3437,6V,plate_20260922_212831_323981_8.jpg
2026-09-22 21:28:36,video:20260922_212438_video.mp4,0.2868,ISUAe '6028,plate_20260922_212833_865309_9.jpg
2026-09-22 21:28:51,video:20260922_212438_video.mp4,0.7311,30E 30336,plate_20260922_212848_634009_0.jpg
2026-09-22 21:28:53,video:20260922_212438_video.mp4,0.7188,Rib3,plate_20260922_212851_436952_1.jpg
2026-09-22 21:28:57,video:20260922_212438_video.mp4,0.6787,29 601,plate_20260922_212853_730175_2.jpg
2026-09-22 21:28:59,video:20260922_212438_video.mp4,0.6284,"290,58456",plate_20260922_212857_608673_3.jpg
2026-09-22 21:29:00,video:20260922_212438_video.mp4,0.6005,[Ek780,plate_20260922_212859_061087_4.jpg
2026-09-22 21:29:04,video:20260922_212438_video.mp4,0.5571,"6 2""",plate_20260922_212900_917908_5.jpg
2026-09-22 21:29:06,video:20260922_212438_video.mp4,0.5065,,plate_20260922_212904_561670_6.jpg
2026-09-22 21:29:09,video:20260922_212438_video.mp4,0.4403,687756,plate_20260922_212906_898159_7.jpg
2026-09-22 21:29:12,video:20260922_212438_video.mp4,0.4205,Js Co2,plate_20260922_212909_314825_8.jpg
2026-09-22 21:29:14,video:20260922_212438_video.mp4,0.2786,,plate_20260922_212912_121560_9.jpg
2026-09-22 21:29:29,video:20260922_212438_video.mp4,0.7141,29 60198,plate_20260922_212926_074759_0.jpg
2026-09-22 21:29:31,video:20260922_212438_video.mp4,0.6991,30E 30336,plate_20260922_212929_071936_1.jpg
2026-09-22 21:29:34,video:20260922_212438_video.mp4,0.6910,LYB 6io52,plate_20260922_212931_887430_2.jpg
2026-09-22 21:29:37,video:20260922_212438_video.mp4,0.6890,294 6203,plate_20260922_212934_203192_3.jpg
2026-09-22 21:29:38,video:20260922_212438_video.mp4,0.6477,"290,1584,56",plate_20260922_212937_255141_4.jpg
2026-09-22 21:29:40,video:20260922_212438_video.mp4,0.5595,IEXao9,plate_20260922_212938_746267_5.jpg
2026-09-22 21:29:42,video:20260922_212438_video.mp4,0.4762,68756,plate_20260922_212940_376473_6.jpg
2026-09-22 21:29:45,video:20260922_212438_video.mp4,0.4329,,plate_20260922_212942_872047_7.jpg
2026-09-22 21:29:47,video:20260922_212438_video.mp4,0.3948,,plate_20260922_212945_356369_8.jpg
